sample_name	virus	seqlen	mapped	chim_reads	n_bases_covered	frac_covered	sample_type	sample_read_count	mapped_rpm	sample
TARGET-52-PASILR-01A	NC_038319_7339nt_Human_parechovirus_1	7339	2049	7	1710	0.233	RT-tumor	78561118	26.081604388573	TARGET-52-PASILR
TARGET-52-PASILR-01A	NC_001897_7348nt_Parechovirus_A	7348	2464	108	1381	0.188	RT-tumor	78561118	31.3641157703484	TARGET-52-PASILR
TARGET-15-SJMPAL016340-09A	NC_007815_8197nt_PreXMRV_1	8197	1322	29	5479	0.668	ALL-tumor	47956558	27.5666156023958	TARGET-15-SJMPAL016340
TARGET-15-SJMPAL016340-09A	NC_001702_8135nt_Murine_type_C_retrovirus	8135	2966	0	5070	0.623	ALL-tumor	47956558	61.8476413590817	TARGET-15-SJMPAL016340
